,Name,Link
0,Winning Women Undergrad Programs,https://careers.jpmorgan.com/us/en/students/programs/winning-women-ba
1,Inside the Industry Program,https://careers.jpmorgan.com/us/en/students/programs/inside-the-industry
2,Corporate Analyst Development Program Internship,https://careers.jpmorgan.com/us/en/students/programs/cadp-summer-analyst
3,Markets Internship,https://careers.jpmorgan.com/us/en/students/programs/markets-summer-analyst
4,Payments Internship,https://careers.jpmorgan.com/us/en/students/programs/wholesale-payments-corporate-banking-summer-analyst
5,Chase Leadership Development Program Internship,https://careers.jpmorgan.com/us/en/students/programs/cl-summer-analyst
6,Global Finance & Business Management Internship,https://careers.jpmorgan.com/us/en/students/programs/finance-summer-analyst
7,Risk Management Internship,https://careers.jpmorgan.com/us/en/students/programs/risk-summer-analyst
8,Global Private Bank Internship,https://careers.jpmorgan.com/us/en/students/programs/wealth-management-summer-analyst
9,Securities Services Leadership Program,https://careers.jpmorgan.com/us/en/students/programs/sslp-summer-analyst
10,Global Corporate Banking Analyst Internship,https://careers.jpmorgan.com/us/en/students/programs/corporate-banking-summer-analyst
11,Investment Banking Seasonal Internship,https://careers.jpmorgan.com/us/en/students/programs/investment-banking-seasonal-analyst
12,Human Resources Internship,https://careers.jpmorgan.com/us/en/students/programs/hr-summer-analyst
13,Commercial Real Estate Summer Analyst,https://careers.jpmorgan.com/us/en/students/programs/cre-summer
14,Investment Banking Analyst Internship,https://careers.jpmorgan.com/us/en/students/programs/investment-banking-summer-analyst
15,Asset Management Internship,https://careers.jpmorgan.com/us/en/students/programs/asset-management-summer-analyst
16,Audit Summer Internship,https://careers.jpmorgan.com/us/en/students/programs/audit-summer-analyst
17,Chase Associate Program Internship,https://careers.jpmorgan.com/us/en/students/programs/cl-summer-associate
18,Compliance Associate Program Internship,https://careers.jpmorgan.com/us/en/students/programs/compliance-summer
19,Middle Market Banking & Specialized Industries Internship,https://careers.jpmorgan.com/us/en/students/programs/mmbsi-summer
20,Latin America Opportunities,https://careers.jpmorgan.com/us/en/students/programs/latin-america-opportunities
21,Markets Seasonal Analyst Internship Program,https://careers.jpmorgan.com/us/en/students/programs/markets-seasonal-analyst
22,J.P. Morgan Wealth Management Financial Advisor Development Track,https://careers.jpmorgan.com/us/en/students/programs/wealth-management-summer-financial-advisor-development-track
23,Operations Analyst Program,https://careers.jpmorgan.com/us/en/students/programs/oap-summer-analyst
